,0,1,2,3,4,5,6,7,8,9,10,11,12,13,14,15,16,17,18,19,20,21,22,23,24,25,26,27,28,29,30
BTCD,90.04,88.19,90.52,90.94,93.14,92.67,94.85,84.39,83.42,79.82,86.83,85.24,86.94,88.72,88.16,87.12,88.32,90.46,87.2,91.17,91.48,96.12,99.29,98.76,96.02,88.08,91.65,82.37,80.21,82.18,74.65
BTMK,1e-11,1e-11,2e-11,1e-11,2e-11,1e-11,2e-11,1e-11,1e-11,1e-11,1e-11,1e-11,1e-11,1e-11,1e-11,1e-11,1e-11,1e-11,1e-11,1e-11,1e-11,1e-11,2e-11,2e-11,2e-11,1e-11,1e-11,1e-11,1e-11,1e-11,1e-11
UNO,214.6,217.73,221.61,220.54,221.72,220.1,222.11,208.49,206.39,201.46,208.99,204.04,206.49,207.36,205.51,204.27,206.03,203.89,193.54,198.63,198.99,220.01,222.97,224.81,230.69,207.81,208.32,202.91,204.0,207.17,200.0
XPM,0.82,0.82,0.82,0.82,0.82,0.82,0.82,0.82,0.82,0.82,0.82,0.82,0.82,0.82,0.82,0.82,0.82,0.82,0.82,0.82,0.82,0.82,0.82,0.82,0.82,0.82,0.82,0.82,0.82,0.82,0.82
MAID,0.2398,0.2516,0.3057,0.2475,0.2829,0.2928,0.2704,0.2996,0.2867,0.2605,0.266,0.2803,0.2927,0.2982,0.3039,0.2911,0.2916,0.2866,0.2614,0.2914,0.2894,0.301,0.3245,0.3191,0.2921,0.3036,0.3155,0.2969,0.3147,0.2852,0.261
BAY,0.0,0.0,0.0,0.0,0.0,0.0,0.0,0.0,0.0,0.0,0.0,0.0,0.0,0.0,0.0,0.0,0.0,0.0,0.0,0.0,0.0,0.0,0.0,0.0,0.0,0.0,0.0,0.0,0.0,0.0,0.0
XBC,4.0,4.0,4.0,4.0,4.0,4.5,4.151,4.5,4.008,3.912,4.261,4.5,4.21,4.5,4.5,4.5,4.5,4.5,2.443,3.21,3.21,3.21,2.814,5.0,5.0,3.21,3.22,3.22,3.961,4.023,3.22
VAL,1.877,1.915,1.989,1.947,1.94,1.934,1.805,1.812,1.742,1.727,1.815,1.745,1.766,1.776,1.744,1.777,1.738,1.724,1.656,1.729,1.701,1.769,1.798,1.813,1.806,1.633,1.677,1.666,1.759,1.718,1.525
DSH,0.0,0.0,0.0,0.0,0.0,0.0,0.0,0.0,0.0,0.0,0.0,0.0,0.0,0.0,0.0,0.0,0.0,0.0,0.0,0.0,0.0,0.0,0.0,0.0,0.0,0.0,0.0,0.0,0.0,0.0,0.0
OMNI,0.0,0.0,0.0,0.0,0.0,0.0,0.0,0.0,0.0,0.0,0.0,0.0,0.0,0.0,0.0,0.0,0.0,0.0,0.0,0.0,0.0,0.0,0.0,0.0,0.0,0.0,0.0,0.0,0.0,0.0,0.0
STRAX,0.62,0.623,0.648,0.675,0.665,0.65,0.6581,0.59,0.591,0.5761,0.597,0.596,0.618,0.6029,0.5889,0.5879,0.594,0.5852,0.553,0.57,0.588,0.611,0.607,0.6129,0.617,0.566,0.574,0.552,0.5579,0.571,0.525
ICN,0.1452,0.1452,0.1452,0.1452,0.1452,0.1452,0.1452,0.1452,0.1452,0.1452,0.1452,0.1452,0.1452,0.1452,0.1452,0.1452,0.1452,0.1452,0.1452,0.1452,0.1452,0.1452,0.1452,0.1452,0.1452,0.1452,0.1452,0.1452,0.1452,0.1452,0.1452
JWL,0.31,0.31,0.31,0.31,0.31,0.31,0.31,0.31,0.31,0.31,0.31,0.31,0.31,0.31,0.31,0.31,0.31,0.31,0.31,0.31,0.31,0.31,0.31,0.31,0.31,0.31,0.31,0.31,0.31,0.31,0.31
BITCNY,0.0,0.0,0.0,0.0,0.0,0.0,0.0,0.0,0.0,0.0,0.0,0.0,0.0,0.0,0.0,0.0,0.0,0.0,0.0,0.0,0.0,0.0,0.0,0.0,0.0,0.0,0.0,0.0,0.0,0.0,0.0
1ST,0.127,0.127,0.127,0.127,0.127,0.127,0.127,0.127,0.127,0.127,0.127,0.127,0.127,0.127,0.127,0.127,0.127,0.127,0.127,0.127,0.127,0.127,0.127,0.127,0.127,0.127,0.127,0.127,0.127,0.127,0.127
ZCL,0.03188,0.03234,0.03292,0.03276,0.03293,0.03269,0.03299,0.03097,0.03066,0.02993,0.03104,0.03031,0.03067,0.0308,0.03053,0.03034,0.0306,0.03029,0.02875,0.0295,0.02956,0.03268,0.03312,0.03339,0.03427,0.03087,0.03094,0.03014,0.0303,0.03077,0.02971
TIME,60.84,59.25,61.63,61.03,59.24,60.77,60.87,55.09,52.34,56.86,59.43,56.61,59.09,60.69,62.76,58.81,58.67,57.48,55.52,56.19,54.08,57.1,56.5,58.67,56.69,56.01,59.93,60.11,63.2,67.59,75.23
BCCOIN,0.9999,0.9999,0.9999,0.9999,0.9999,0.9999,0.9999,0.9999,0.9999,0.9999,0.9999,0.9999,0.9999,0.9999,0.9999,0.9999,0.9999,0.9999,0.9999,0.9999,0.9999,0.9999,0.9999,0.9999,0.9999,0.9999,0.9999,0.9999,0.9999,0.9999,0.9999
PLU,8.405,8.509,9.044,8.8,8.964,9.099,9.189,8.602,8.689,8.56,8.943,8.615,8.289,8.192,7.905,8.059,8.013,8.183,8.104,7.962,7.759,7.827,7.99,7.881,7.962,7.62,7.618,7.588,7.628,7.667,7.401
TAAS,0.5409,0.5488,0.5585,0.5559,0.5588,0.5547,0.5598,0.5255,0.5202,0.5078,0.5267,0.5143,0.5204,0.5226,0.518,0.5149,0.5193,0.5139,0.4878,0.5006,0.5015,0.5545,0.562,0.5666,0.5814,0.5238,0.525,0.5114,0.5142,0.5221,0.5041
QRL,0.1346,0.1355,0.1379,0.1373,0.1707,0.166,0.1706,0.1522,0.1525,0.1453,0.1544,0.1478,0.1648,0.1504,0.1488,0.1487,0.1504,0.1475,0.1434,0.1506,0.147,0.1623,0.1569,0.1515,0.1579,0.1416,0.1424,0.1397,0.141,0.1446,0.1318
MYST,0.2601,0.2701,0.3,0.2638,0.3,0.2698,0.2726,0.2698,0.2867,0.2856,0.3101,0.3247,0.3247,0.3167,0.3374,0.3374,0.2838,0.2886,0.2864,0.3042,0.3051,0.3042,0.3218,0.3496,0.3383,0.2992,0.3197,0.304,0.2981,0.304,0.2888
VERI,18.6,18.6,18.6,18.6,18.6,18.6,18.6,18.6,18.6,18.6,18.6,18.6,18.6,18.6,18.6,18.6,18.6,18.6,18.6,18.6,18.6,18.6,18.6,18.6,18.6,18.6,18.6,18.6,18.6,18.6,18.6
8BT,5.5,5.5,5.5,5.5,5.5,5.5,5.5,5.5,5.5,5.5,5.5,5.5,5.5,5.5,5.5,5.5,5.5,5.5,5.5,5.5,5.5,5.5,5.5,5.5,5.5,5.5,5.5,5.5,5.5,5.5,5.5
SSV,9.715,9.441,14.98,15.27,18.19,16.08,17.01,14.45,14.47,13.34,14.27,12.72,12.82,12.58,15.36,14.74,14.33,15.22,14.08,14.93,14.44,15.5,15.86,16.95,18.3,16.56,16.17,14.45,13.35,13.45,12.29
AGRS,0.3934,0.3648,0.3648,0.3648,0.3648,0.4029,0.3821,0.3756,0.3511,0.3776,0.3849,0.3495,0.35,0.3465,0.3501,0.3486,0.3498,0.3365,0.3458,0.3491,0.3594,0.358,0.3812,0.3547,0.3559,0.3291,0.3194,0.3146,0.311,0.2552,0.295
ADS,3.004,2.978,3.105,3.058,3.003,2.97,3.025,2.66,2.417,2.388,2.512,2.494,2.492,2.5,2.498,2.503,2.494,2.514,2.467,2.54,2.504,2.664,2.71,2.739,2.685,2.591,2.619,2.423,2.412,2.456,2.357
ONION,0.02104,0.02135,0.02173,0.02163,0.02174,0.02158,0.02178,0.02044,0.02024,0.01975,0.02049,0.02001,0.02025,0.02033,0.02015,0.02003,0.0202,0.01999,0.01898,0.01948,0.01951,0.02157,0.02186,0.02204,0.02262,0.02038,0.02043,0.0199,0.02,0.02031,0.01961
BTX,0.27,0.27,0.27,0.27,0.27,0.27,0.27,0.27,0.27,0.27,0.27,0.27,0.27,0.27,0.27,0.27,0.27,0.27,0.27,0.27,0.27,0.27,0.27,0.27,0.27,0.27,0.27,0.27,0.27,0.27,0.27
STOX,0.3908,0.39,0.3956,0.3863,0.3895,0.3871,0.3991,0.3609,0.3628,0.3528,0.3692,0.3612,0.3648,0.3623,0.3628,0.3615,0.3676,0.3684,0.3406,0.3505,0.3618,0.3816,0.3842,0.3911,0.3875,0.3494,0.3527,0.3429,0.3491,0.3568,0.3268
WTC,0.242,0.2498,0.2634,0.2507,0.2693,0.2687,0.2733,0.2823,0.2828,0.2563,0.2688,0.2507,0.2515,0.255,0.2512,0.2564,0.2599,0.2592,0.2515,0.2595,0.2667,0.2771,0.2733,0.2829,0.2888,0.2817,0.3104,0.3016,0.2778,0.2904,0.2708
INXT,1.563,1.546,1.709,2.861,2.689,1.199,1.097,1.091,1.379,1.338,1.0,1.191,1.114,1.124,1.094,1.449,1.486,1.508,1.411,0.973,0.793,1.031,1.112,0.904,1.096,0.814,0.8539,0.8668,0.707,0.685,0.764
RNDR,0.5533,0.5447,0.6065,0.6118,0.603,0.58,0.5745,0.5155,0.517,0.5056,0.5445,0.5229,0.5134,0.5237,0.5204,0.5097,0.5167,0.5,0.4698,0.5066,0.5507,0.5667,0.5816,0.5641,0.5691,0.508,0.5143,0.4997,0.4637,0.4822,0.437
LUX,0.1408,0.1429,0.1454,0.1447,0.1455,0.1445,0.1458,0.1368,0.1355,0.1322,0.1372,0.1339,0.1355,0.1361,0.1349,0.1341,0.1352,0.1338,0.127,0.1304,0.1306,0.1444,0.1463,0.1475,0.1514,0.1364,0.1367,0.1332,0.1339,0.136,0.1313
BNK,0.3034,0.307,0.2793,0.313,0.3152,0.3174,0.314,0.2934,0.2954,0.2869,0.3042,0.297,0.2996,0.3064,0.3043,0.3039,0.3039,0.312,0.3007,0.3082,0.3072,0.3267,0.3287,0.3275,0.3291,0.2956,0.3038,0.295,0.2928,0.2934,0.2919
MNX,0.2666,0.2666,0.2666,0.2666,0.2666,0.2666,0.2666,0.2666,0.2666,0.2666,0.2666,0.2666,0.2666,0.2666,0.2666,0.2666,0.2666,0.2666,0.2666,0.2666,0.2666,0.2666,0.2666,0.2666,0.2666,0.2666,0.2666,0.2666,0.2666,0.2666,0.2666
LEND,0.3289,0.3289,0.3289,0.3289,0.3289,0.3289,0.3289,0.3289,0.3289,0.3289,0.3289,0.3289,0.3289,0.3289,0.3289,0.3289,0.3289,0.3289,0.3289,0.3289,0.3289,0.3289,0.3289,0.3289,0.3289,0.3289,0.3289,0.3289,0.3289,0.3289,0.3289
DIVX,0.6734,0.6734,0.6734,0.6734,0.6734,0.6734,0.6734,0.6734,0.6734,0.6734,0.6734,0.6734,0.6734,0.6734,0.6734,0.6734,0.6734,0.6734,0.6734,0.6734,0.6734,0.6734,0.6734,0.6734,0.6734,0.6734,0.6734,0.6734,0.6734,0.6734,0.6734
SBTC,0.5515,0.5569,0.5308,0.5406,0.5262,0.5445,0.5543,0.4996,0.4797,0.4977,0.4732,0.4663,0.4532,0.5254,0.4759,0.5346,0.5325,0.53,0.5324,0.5498,0.5225,0.5141,0.5204,0.5256,0.5263,0.4571,0.4857,0.473,0.4723,0.435,0.4275
MGO,0.4338,0.4338,0.4338,0.4338,0.4338,0.4338,0.4338,0.4338,0.4338,0.4338,0.4338,0.4338,0.4338,0.4338,0.4338,0.4338,0.4338,0.4338,0.4338,0.4338,0.4338,0.4338,0.4338,0.4338,0.4338,0.4338,0.4338,0.4338,0.4338,0.4338,0.4338
GET,2.009,2.009,1.785,1.785,1.785,1.785,1.817,1.669,1.65,1.65,1.765,1.565,1.541,1.541,1.541,1.541,1.541,1.541,1.63,1.663,1.65,1.77,1.77,1.784,1.84,1.61,1.788,1.79,1.88,1.59,1.518
UBTC,0.455,0.455,0.455,0.455,0.455,0.455,0.455,0.455,0.455,0.455,0.455,0.455,0.455,0.455,0.455,0.455,0.455,0.455,0.455,0.455,0.455,0.455,0.455,0.455,0.455,0.455,0.455,0.455,0.455,0.455,0.455
DTX,1.585,1.585,1.585,1.585,1.585,1.585,1.585,1.585,1.585,1.585,1.585,1.585,1.585,1.585,1.585,1.585,1.585,1.585,1.585,1.585,1.585,1.585,1.585,1.585,1.585,1.585,1.585,1.585,1.585,1.585,1.585
REF,0.6101,0.6101,0.6101,0.6101,0.6101,0.6101,0.6101,0.6101,0.6101,0.6101,0.6101,0.6101,0.6101,0.6101,0.6101,0.6101,0.6101,0.6101,0.6101,0.6101,0.6101,0.6101,0.6101,0.6101,0.6101,0.6101,0.6101,0.6101,0.6101,0.6101,0.6101
MUN,0.125,0.1268,0.1291,0.1285,0.1292,0.1282,0.1294,0.1215,0.1202,0.1174,0.1217,0.1189,0.1203,0.1208,0.1197,0.119,0.12,0.1188,0.1127,0.1157,0.1159,0.1282,0.1299,0.131,0.1344,0.1211,0.1213,0.1182,0.1188,0.1207,0.1165
B2X,4.73,4.73,4.73,4.73,4.73,4.73,4.73,4.73,4.73,4.73,4.73,4.73,4.73,4.73,4.73,4.73,4.73,4.73,4.73,4.73,4.73,4.73,4.73,4.73,4.73,4.73,4.73,4.73,4.73,4.73,4.73
SAI,1.003,1.003,1.003,1.003,1.003,1.003,1.003,1.003,1.003,1.003,1.003,1.003,1.003,1.003,1.003,1.003,1.003,1.003,1.003,1.003,1.003,1.003,1.003,1.003,1.003,1.003,1.003,1.003,1.003,1.003,1.003
BTCP,0.0673,0.06828,0.06949,0.06916,0.06953,0.06902,0.06965,0.06538,0.06472,0.06318,0.06554,0.06398,0.06475,0.06503,0.06445,0.06406,0.06461,0.06394,0.06069,0.06229,0.0624,0.06899,0.06992,0.0705,0.07234,0.06517,0.06533,0.06363,0.06397,0.06497,0.06272
CTC,0.3668,0.3756,0.3842,0.3686,0.3876,0.3754,0.3734,0.3455,0.3413,0.3257,0.3376,0.3356,0.3409,0.3354,0.3357,0.3409,0.3361,0.3333,0.3155,0.339,0.3347,0.3614,0.3493,0.3595,0.3453,0.3215,0.3326,0.3164,0.3157,0.3226,0.299
TOMO,0.4999,0.4929,0.517,0.5179,0.526,0.529,0.543,0.4919,0.494,0.468,0.501,0.4931,0.508,0.5,0.482,0.482,0.4919,0.4901,0.4602,0.48,0.482,0.5239,0.5259,0.5244,0.5314,0.4769,0.4844,0.4647,0.4513,0.4683,0.4289
ADK,0.1358,0.1358,0.1358,0.1358,0.1104,0.1358,0.1358,0.1358,0.1358,0.1358,0.1358,0.1635,0.165,0.2199,0.1375,0.1019,0.137,0.137,0.137,0.137,0.137,0.137,0.137,0.1122,0.1568,0.137,0.137,0.137,0.137,0.1358,0.1358
CEEK,0.1862,0.1861,0.2079,0.2012,0.1986,0.1987,0.1954,0.1793,0.1731,0.1701,0.1733,0.1676,0.1677,0.1661,0.1657,0.1736,0.1713,0.1734,0.1627,0.1711,0.1665,0.1728,0.1742,0.1718,0.1706,0.163,0.1591,0.1494,0.1495,0.1513,0.1409
BCI,0.01063,0.01078,0.01097,0.01092,0.01098,0.0109,0.011,0.01032,0.01022,0.009975,0.01035,0.0101,0.01022,0.01027,0.01018,0.01011,0.0102,0.0101,0.009583,0.009835,0.009853,0.01089,0.01104,0.01113,0.01142,0.01029,0.01031,0.01005,0.0101,0.01026,0.009903
XMC,0.3849,0.3834,0.3792,0.3621,0.3688,0.3659,0.3716,0.3648,0.3653,0.3673,0.3663,0.3622,0.3657,0.3697,0.3666,0.3611,0.3326,0.331,0.3497,0.34,0.3313,0.3285,0.3302,0.3664,0.3368,0.3411,0.3456,0.353,0.33,0.3123,0.3131
XMO,0.4381,0.4381,0.4381,0.4381,0.4381,0.4381,0.4381,0.4381,0.4381,0.4381,0.4381,0.4381,0.4381,0.4381,0.4381,0.4381,0.4381,0.4381,0.4381,0.4381,0.4381,0.4381,0.4381,0.4381,0.4381,0.4381,0.4381,0.4381,0.4381,0.4381,0.4381
MTC,0.202,0.202,0.202,0.202,0.202,0.202,0.202,0.202,0.202,0.202,0.202,0.202,0.202,0.202,0.202,0.202,0.202,0.202,0.202,0.202,0.202,0.202,0.202,0.202,0.202,0.202,0.202,0.202,0.202,0.202,0.202
OXEN,0.219,0.2212,0.2293,0.2278,0.2275,0.2269,0.2207,0.2107,0.2074,0.2045,0.2135,0.2086,0.2136,0.212,0.2129,0.2112,0.2115,0.2097,0.2016,0.2082,0.21,0.2208,0.2323,0.2308,0.2291,0.2109,0.2131,0.2082,0.2078,0.211,0.2057
SPARTA,0.0,0.0,0.0,0.0,0.0,0.0,0.0,0.0,0.0,0.0,0.0,0.0,0.0,0.0,0.0,0.0,0.0,0.0,0.0,0.0,0.0,0.0,0.0,0.0,0.0,0.0,0.0,0.0,0.0,0.0,0.0
VIDT,0.2631,0.2746,0.2768,0.2781,0.2951,0.2914,0.2898,0.2696,0.2708,0.2621,0.2713,0.2682,0.2651,0.2686,0.2825,0.2735,0.2761,0.27,0.2473,0.2579,0.2695,0.2725,0.2734,0.28,0.2933,0.2773,0.3188,0.2785,0.285,0.3064,0.2798
ZCN,0.159,0.1567,0.1597,0.1416,0.1465,0.1568,0.1588,0.138,0.1526,0.1489,0.1582,0.1578,0.1557,0.1395,0.1438,0.1424,0.1469,0.1472,0.1508,0.1637,0.1707,0.1677,0.1585,0.1614,0.1497,0.1517,0.1654,0.1471,0.1408,0.1285,0.1217
DGX,19.96,19.96,19.96,19.96,19.96,19.96,19.96,19.96,19.96,19.96,19.96,15.0,15.0,15.0,15.0,15.0,15.0,15.0,14.89,14.89,14.89,14.89,14.89,14.89,6.42,14.89,14.89,14.89,14.89,14.89,14.89
RPL,23.0,21.83,24.41,23.92,24.63,25.46,25.9,22.55,22.12,20.57,23.01,23.48,23.62,24.38,23.87,23.47,23.95,24.86,24.9,25.74,30.58,32.84,34.84,34.22,31.56,29.63,30.66,25.79,25.81,26.62,24.58
TTU,0.009432,0.009432,0.009432,0.009432,0.009432,0.009432,0.009432,0.009432,0.009432,0.009432,0.009432,0.009432,0.009432,0.009432,0.009432,0.009432,0.009432,0.009432,0.009432,0.009432,0.009432,0.009432,0.009432,0.009432,0.009432,0.009432,0.009432,0.009432,0.009432,0.009432,0.009432
CRON,0.1704,0.1733,0.1746,0.175,0.1781,0.1789,0.185,0.1827,0.1805,0.1722,0.1868,0.1798,0.1775,0.1683,0.1627,0.1597,0.1677,0.1642,0.1607,0.1662,0.1648,0.1743,0.1788,0.1795,0.1793,0.1703,0.1682,0.1585,0.1607,0.162,0.1553
BZ,0.1153,0.1153,0.1153,0.1153,0.1153,0.1153,0.1153,0.1153,0.1153,0.1153,0.1153,0.1153,0.1153,0.1153,0.1153,0.1153,0.1153,0.1153,0.1153,0.1153,0.1153,0.1153,0.1153,0.1153,0.1153,0.1153,0.1153,0.1153,0.1153,0.1153,0.1153
EURS,0.9991,1.0,0.9981,0.9908,0.9934,0.9938,0.9921,0.9912,0.9909,0.9903,0.996,0.9975,0.9988,0.9916,0.9922,0.9919,0.9884,0.9896,0.9855,0.9945,0.9955,0.9997,1.0,1.001,1.004,0.9876,0.9838,0.9899,0.9891,0.989,0.9879
GUSD,0.9989,0.9998,0.9992,0.9918,0.9998,1.0,1.0,0.9989,1.001,0.9928,0.9987,0.999,0.9983,0.9997,0.9987,0.9986,0.9904,0.9984,0.9922,0.9978,0.9987,0.9971,0.9975,0.9974,0.9966,0.9907,0.9982,0.998,0.9979,0.9981,0.9974
NUSD,0.6939,0.6939,0.6939,0.6939,0.6939,0.6939,0.6939,0.6939,0.6939,0.6939,0.6939,0.6939,0.6939,0.6939,0.6939,0.6939,0.6939,0.6939,0.6939,0.6939,0.6939,0.6939,0.6939,0.6939,0.6939,0.6939,0.6939,0.6939,0.6939,0.6939,0.6939
ONGAS,0.3691,0.37,0.3799,0.3708,0.3731,0.3727,0.3832,0.3527,0.3542,0.346,0.3616,0.3601,0.3639,0.3606,0.3547,0.3526,0.355,0.3538,0.3377,0.3432,0.353,0.3669,0.375,0.3742,0.3734,0.3425,0.3487,0.3488,0.3542,0.3582,0.3346
SGR,1.26,1.234,1.267,1.272,1.303,1.297,1.327,1.181,1.167,1.117,1.215,1.193,1.216,1.241,1.234,1.219,1.236,1.266,1.22,1.276,1.28,1.345,1.389,1.382,1.344,1.232,1.282,1.152,1.122,1.15,1.045
USDP,1.0,1.0,1.0,1.0,1.0,1.0,1.0,0.999,1.0,0.999,1.0,0.999,1.001,0.997,1.001,1.0,0.999,1.0,1.0,0.999,0.996,0.997,1.0,1.0,1.003,0.999,0.999,1.0,1.0,1.0,1.0
BHPC,0.0,0.0,0.0,0.0,0.0,0.0,0.0,0.0,0.0,0.0,0.0,0.0,0.0,0.0,0.0,0.0,0.0,0.0,0.0,0.0,0.0,0.0,0.0,0.0,0.0,0.0,0.0,0.0,0.0,0.0,0.0
RBTC,20832.59,21041.74,21450.79,21412.08,21489.42,21313.19,21514.04,20213.61,20031.72,19502.65,20249.85,19751.99,20045.6,20071.31,19950.14,19773.0,19942.99,19794.78,18736.26,19239.91,19274.78,21321.76,21584.76,21762.52,22330.3,20175.69,20224.94,19739.13,19803.9,20113.35,19384.62
ASD,0.0933,0.092,0.0939,0.1036,0.0944,0.0816,0.0832,0.08242,0.08029,0.08181,0.08125,0.08019,0.08021,0.0807,0.083,0.083,0.0829,0.0838,0.0826,0.0835,0.083,0.0851,0.0857,0.08513,0.0853,0.084,0.0866,0.09902,0.1047,0.1052,0.1028
USDS,0.9376,0.9968,0.9968,0.9968,0.8697,0.9968,0.8718,0.701,0.9907,0.9968,0.9968,0.9968,0.9968,0.9968,0.9968,0.9321,0.9968,0.9968,0.9395,1.01,0.9968,0.9968,0.9968,0.9968,0.9481,0.9968,0.9968,0.9968,0.9968,0.8717,0.9968
VALOR,0.322,0.322,0.322,0.322,0.322,0.322,0.2202,0.2202,0.2202,0.2202,0.2202,0.2202,0.2202,0.2202,0.2202,0.2202,0.2202,0.2202,0.2202,0.221,0.221,0.221,0.221,0.221,0.221,0.221,0.221,0.221,0.221,0.221,0.221
EMU,226.8,226.8,226.8,226.8,226.8,226.8,226.8,226.8,226.8,226.8,226.8,226.8,226.8,226.8,226.8,226.8,226.8,226.8,226.8,226.8,226.8,226.8,226.8,226.8,226.8,226.8,226.8,226.8,226.8,226.8,226.8
UGT,0.428,0.428,0.428,0.428,0.428,0.428,0.428,0.428,0.428,0.428,0.428,0.428,0.428,0.428,0.428,0.428,0.428,0.428,0.428,0.428,0.428,0.428,0.428,0.428,0.428,0.428,0.428,0.428,0.428,0.428,0.428
VOLLAR,1.001,1.001,1.001,1.001,1.001,1.001,1.001,1.001,1.001,1.001,1.001,1.001,1.001,1.001,1.001,1.001,1.001,1.001,1.001,1.001,1.001,1.001,1.001,1.001,1.001,1.001,1.001,1.001,1.001,1.001,1.001
DREP,0.5075,0.5153,0.5243,0.4998,0.5125,0.5084,0.5117,0.4734,0.4995,0.471,0.5045,0.486,0.4858,0.4976,0.5039,0.4984,0.5013,0.5039,0.4732,0.4818,0.4974,0.5089,0.5055,0.5189,0.5184,0.56,0.5261,0.5027,0.5498,0.5693,0.5372
ARRR,0.4415,0.4401,0.4502,0.4379,0.4498,0.4478,0.4496,0.4213,0.4188,0.4123,0.4296,0.4234,0.4232,0.4275,0.4283,0.4244,0.4263,0.4226,0.4145,0.4251,0.4355,0.4635,0.4775,0.4789,0.4844,0.4328,0.4312,0.4194,0.4181,0.4289,0.4213
BUSDC,3.1,3.1,3.1,3.1,3.1,3.1,3.1,3.1,3.1,3.1,3.1,3.1,3.1,3.1,3.1,3.1,3.1,3.1,3.1,3.1,3.1,3.1,3.1,3.1,3.1,3.1,3.1,3.1,3.1,3.1,3.1
FLC,2.841,2.841,2.841,2.841,2.841,2.841,2.841,2.841,2.841,2.841,2.841,2.841,2.841,2.841,2.841,2.841,2.841,2.841,2.841,2.841,2.841,2.841,2.841,2.841,2.841,2.841,2.841,2.841,2.841,2.841,2.841
1SG,0.8693,0.8693,0.8693,0.8693,0.8693,0.8693,0.8693,0.8693,0.8693,0.8693,0.8693,0.8693,0.8693,0.8693,0.8693,0.8693,0.8693,0.8693,0.8693,0.8693,0.8693,0.8693,0.8693,0.8693,0.8693,0.8693,0.8693,0.8693,0.8693,0.8693,0.8693
MIRC,0.1718,0.1752,0.179,0.1735,0.1794,0.1759,0.1808,0.16,0.1624,0.1574,0.1787,0.1653,0.1755,0.1785,0.1815,0.1789,0.176,0.1849,0.1699,0.1726,0.1773,0.2374,0.3107,0.2833,0.2341,0.2828,0.2449,0.2247,0.2445,0.2435,0.2185
MIN,0.008334,0.006764,0.007746,0.007708,0.006888,0.007693,1.1,0.006882,0.007214,0.005477,0.007305,0.006735,0.005212,1.1,1.1,0.006743,1.1,0.007126,0.005825,0.005785,0.006182,0.006835,0.006494,0.004583,0.006719,0.006658,0.00627,0.005516,0.006338,0.005229,0.003689
EKG,52.64,52.64,52.64,52.64,52.64,52.64,52.64,52.64,52.64,52.64,52.64,52.64,52.64,52.64,52.64,52.64,52.64,52.64,52.64,52.64,52.64,52.64,52.64,52.64,52.64,52.64,52.64,52.64,52.64,52.64,52.64
YEC,0.05834,0.05348,0.1048,0.1048,0.1048,0.06411,0.1048,0.1048,0.06011,0.1048,0.1048,0.05943,0.06275,0.1048,0.06325,0.07342,0.06241,0.05028,0.1817,0.04956,0.1781,0.09206,0.0933,0.1373,0.1048,0.1048,0.1048,0.1048,0.1048,0.1255,0.09709
NUT,0.4444,0.4444,0.4444,0.4444,0.4444,0.4444,0.455,0.4444,0.4444,0.4444,0.4444,0.4444,0.4444,0.4444,0.4444,0.4444,0.4444,0.4444,0.31,0.31,0.4057,0.3111,0.36,0.36,0.4427,0.4444,0.4444,0.4444,0.4179,0.4444,0.4444
ZDR,0.1785,0.1785,0.1785,0.1785,0.1785,0.1785,0.1785,0.1785,0.1785,0.1785,0.1785,0.1785,0.1785,0.1785,0.1785,0.1785,0.1785,0.1785,0.1785,0.1785,0.1785,0.1785,0.1785,0.1785,0.1785,0.1785,0.1785,0.1785,0.1785,0.1785,0.1785
COCOS,0.7016,0.723,0.7256,0.7179,0.7267,0.7137,0.7229,0.6554,0.6453,0.6405,0.6645,0.6562,0.6543,0.6501,0.6559,0.6522,0.66,0.6622,0.6358,0.6461,0.6573,0.6791,0.6843,0.6938,0.682,0.654,0.6534,0.6403,0.633,0.6506,0.6104
BHP,0.1958,0.2088,0.2276,0.2399,0.2298,0.229,0.2229,0.22,0.2119,0.2124,0.223,0.2122,0.2138,0.21,0.2081,0.2089,0.2143,0.2051,0.1999,0.203,0.203,0.2129,0.2067,0.2122,0.2089,0.201,0.2029,0.2014,0.198,0.1998,0.1921
FLEX,0.255,0.255,0.255,0.255,0.255,0.255,0.255,0.255,0.255,0.255,0.255,0.255,0.255,0.255,0.255,0.255,0.255,0.255,0.255,0.255,0.255,0.255,0.255,0.255,0.255,0.255,0.255,0.255,0.255,0.255,0.255
PROM,5.946,6.126,6.27,6.059,6.147,6.27,6.555,5.901,5.604,5.47,5.576,5.526,5.574,5.798,6.167,5.974,5.909,5.76,5.532,5.943,6.306,6.453,6.584,6.749,7.015,5.928,6.011,6.07,5.939,6.198,5.658
UENC,0.0,0.0,0.0,0.0,0.0,0.0,0.0,0.0,0.0,0.0,0.0,0.0,0.0,0.0,0.0,0.0,0.0,0.0,0.0,0.0,0.0,0.0,0.0,0.0,0.0,0.0,0.0,0.0,0.0,0.0,0.0
USDSB,0.9997,0.9997,0.9997,0.9997,0.9997,0.9997,0.9997,0.9997,0.9997,0.9997,0.9997,0.9997,0.9997,0.9997,0.9997,0.9997,0.9997,0.9997,0.9997,0.9997,0.9997,0.9997,0.9997,0.9997,0.9997,0.9997,0.9997,0.9997,0.9997,0.9997,0.9997
NYE,1.23,1.37,1.38,1.34,1.37,1.34,1.31,1.28,1.36,1.31,1.28,1.35,1.32,1.31,1.37,1.4,1.35,1.3,1.22,1.32,1.33,1.38,1.28,1.28,1.32,1.16,1.36,1.25,1.27,1.32,1.27
SON,155.0,155.0,155.0,155.0,155.0,155.0,155.0,155.0,155.0,155.0,155.0,155.0,155.0,155.0,155.0,155.0,155.0,155.0,155.0,155.0,155.0,155.0,155.0,155.0,155.0,155.0,155.0,155.0,155.0,155.0,155.0
PAXG,1737.91,1738.65,1740.13,1730.8,1747.39,1743.72,1752.61,1728.29,1729.93,1724.1,1731.16,1714.47,1702.96,1691.18,1702.19,1705.55,1704.26,1708.19,1692.85,1707.24,1703.24,1710.31,1712.17,1715.26,1718.3,1694.01,1688.54,1654.09,1665.96,1668.41,1668.35
VNDC,0.0,0.0,0.0,0.0,0.0,0.0,0.0,0.0,0.0,0.0,0.0,0.0,0.0,0.0,0.0,0.0,0.0,0.0,0.0,0.0,0.0,0.0,0.0,0.0,0.0,0.0,0.0,0.0,0.0,0.0,0.0
HUSD,0.9911,0.997,0.996,0.993,0.9901,0.996,0.997,0.996,0.996,0.996,0.995,0.995,0.994,0.995,0.995,0.995,0.995,0.995,0.995,0.994,0.994,0.995,0.994,0.994,0.995,0.9939,0.995,0.994,0.9911,0.994,0.994
CXCELL,0.6511,0.6606,0.6724,0.6691,0.6727,0.6678,0.6739,0.6326,0.6262,0.6112,0.6341,0.619,0.6265,0.6291,0.6235,0.6198,0.6251,0.6186,0.5872,0.6026,0.6037,0.6675,0.6765,0.6821,0.6999,0.6305,0.632,0.6156,0.6189,0.6285,0.6068
BCB,0.397,0.397,0.397,0.397,0.397,0.397,0.397,0.397,0.397,0.397,0.397,0.397,0.397,0.397,0.397,0.397,0.397,0.397,0.397,0.397,0.397,0.397,0.397,0.397,0.397,0.397,0.397,0.397,0.397,0.397,0.397
BTY,0.2508,0.2508,0.2508,0.2508,0.2508,0.2508,0.2508,0.2508,0.2508,0.2508,0.2508,0.2508,0.2508,0.2508,0.2508,0.2508,0.2508,0.2508,0.2508,0.2508,0.2508,0.2508,0.2508,0.2508,0.2508,0.2508,0.2508,0.2508,0.2508,0.2508,0.2508
CSAC,0.1082,0.1082,0.1082,0.1082,0.1082,0.1082,0.1082,0.1082,0.1082,0.1082,0.1082,0.1082,0.1082,0.1082,0.1082,0.1082,0.1082,0.1082,0.1082,0.1082,0.1082,0.1082,0.1082,0.1082,0.1082,0.1082,0.1082,0.1082,0.1082,0.1082,0.1082
TEM,0.1583,0.1607,0.1637,0.1625,0.1612,0.1601,0.1615,0.1518,0.1501,0.1467,0.152,0.1482,0.1502,0.1506,0.1494,0.1485,0.15,0.1485,0.1409,0.1444,0.1449,0.1602,0.1621,0.1637,0.1675,0.1513,0.1515,0.1476,0.1483,0.1504,0.145
STX,0.3907,0.3901,0.3959,0.3868,0.389,0.3872,0.3995,0.361,0.3624,0.3526,0.3694,0.361,0.3642,0.3628,0.3625,0.3614,0.367,0.3686,0.3409,0.3505,0.3613,0.3813,0.3841,0.391,0.3874,0.3491,0.353,0.3427,0.3492,0.3564,0.3265
G50,0.11,0.11,0.11,0.11,0.11,0.11,0.11,0.11,0.11,0.11,0.11,0.11,0.11,0.11,0.11,0.11,0.11,0.11,0.11,0.11,0.11,0.11,0.11,0.11,0.11,0.11,0.11,0.11,0.11,0.11,0.11
LTBTC,1.7,1.7,1.7,1.7,1.7,1.7,1.7,1.7,1.7,1.7,1.7,1.7,1.7,1.7,1.7,1.7,1.7,1.7,1.7,1.7,1.7,1.7,1.7,1.7,1.7,1.7,1.7,1.7,1.7,1.7,1.7
UNICORN,5.054,5.054,5.054,5.054,5.054,5.054,5.054,5.054,5.054,5.054,5.054,5.054,5.054,5.054,5.054,5.054,5.054,5.054,5.054,5.054,5.054,5.054,4.33e-05,5.054,5.054,5.054,5.054,5.054,5.054,5.054,5.054
EONC,0.1148,0.1148,0.1148,0.1148,0.1148,0.1148,0.1148,0.1148,0.1148,0.1148,0.1148,0.1148,0.1148,0.1148,0.1148,0.1148,0.1148,0.1148,0.1148,0.1148,0.1148,0.1148,0.1148,0.1148,0.1148,0.1148,0.1148,0.1148,0.1148,0.1148,0.1148
CBFT,0.1139,0.1139,0.1139,0.1139,0.1139,0.1139,0.1139,0.1139,0.1139,0.1139,0.1139,0.1139,0.1139,0.1139,0.1139,0.1139,0.1139,0.1139,0.1139,0.1139,0.1139,0.1139,0.1139,0.1139,0.1139,0.1139,0.1139,0.1139,0.1139,0.1139,0.1139
DAD,0.03792,0.03932,0.0398,0.04025,0.04025,0.03996,0.04011,0.03745,0.03667,0.03521,0.03693,0.03645,0.03809,0.03825,0.03691,0.03808,0.03781,0.03702,0.0357,0.03799,0.03632,0.03802,0.03853,0.0382,0.03875,0.03632,0.0358,0.03487,0.03525,0.0356,0.03301
EUM,0.7919,0.7946,0.8785,0.9056,0.8594,0.7855,0.8482,0.7854,0.8187,0.8601,0.8522,0.8518,0.8941,0.9059,0.8829,0.8986,0.8987,0.87,0.8264,0.88,0.8699,0.9158,0.9478,0.9626,0.9481,0.8742,0.8404,0.8355,0.8715,0.874,0.8528
BCS,0.2866,0.2866,0.2866,0.2866,0.2866,0.2866,0.2866,0.2866,0.2866,0.2866,0.2866,0.2866,0.2866,0.2866,0.2866,0.2866,0.2866,0.2866,0.2866,0.2866,0.2866,0.2866,0.2866,0.2866,0.2866,0.2866,0.2866,0.2866,0.2866,0.2866,0.2866
TKC,1.767,1.767,1.767,1.767,1.767,1.767,1.767,1.767,1.767,1.767,1.767,1.767,1.767,1.767,1.767,1.767,1.767,1.767,1.767,1.767,1.767,1.767,1.767,1.767,1.767,1.767,1.767,1.767,1.767,1.767,1.767
LT,0.1296,0.1296,0.1296,0.1296,0.1296,0.1296,0.1296,0.1296,0.1296,0.1296,0.1296,0.1296,0.1296,0.1296,0.1296,0.1296,0.1296,0.1296,0.1296,0.1296,0.1296,0.1296,0.1296,0.1296,0.1296,0.1296,0.1296,0.1296,0.1296,0.1296,0.1296
W1,0.0,0.0,0.0,0.0,0.0,0.0,0.0,0.0,0.0,0.0,0.0,0.0,0.0,0.0,0.0,0.0,0.0,0.0,0.0,0.0,0.0,0.0,0.0,0.0,0.0,0.0,0.0,0.0,0.0,0.0,0.0
DRINK,0.315,0.315,0.315,0.315,0.315,0.315,0.315,0.315,0.315,0.315,0.315,0.315,0.315,0.315,0.315,0.315,0.315,0.315,0.315,0.315,0.315,0.315,0.315,0.315,0.315,0.315,0.315,0.315,0.315,0.315,0.315
SEA,0.5106,0.5106,0.5106,0.5106,0.5106,0.5106,0.5106,0.5106,0.5106,0.5106,0.5106,0.5106,0.5106,0.5106,0.5106,0.5106,0.5106,0.5106,0.5106,0.5106,0.5106,0.5106,0.5106,0.5106,0.5106,0.5106,0.5106,0.5106,0.5106,0.5106,0.5106
USDN,0.971,0.9724,0.9778,0.9828,0.9903,0.9824,0.9435,0.9804,0.9784,0.9809,0.9771,0.9705,0.9613,0.9526,0.9404,0.9311,0.9514,0.9406,0.937,0.9386,0.9238,0.9214,0.9259,0.9378,0.9361,0.9158,0.9075,0.9154,0.9189,0.9138,0.8844
BRZ,0.1983,0.212,0.163,0.1977,0.1861,0.1692,0.1693,0.1649,0.1567,0.1862,0.1638,0.1938,0.1918,0.1741,0.1925,0.1439,0.1395,0.1652,0.1895,0.1348,0.1244,0.1869,0.1518,0.1612,0.1627,0.174,0.1306,0.1612,0.1477,0.1929,0.2058
TDE,0.0,0.0,0.0,0.0,0.0,0.0,0.0,0.0,0.0,0.0,0.0,0.0,0.0,0.0,0.0,0.0,0.0,0.0,0.0,0.0,0.0,0.0,0.0,0.0,0.0,0.0,0.0,0.0,0.0,0.0,0.0
CNTM,0.1776,0.1752,0.1813,0.1826,0.1813,0.1802,0.193,0.1835,0.1801,0.1815,0.1784,0.2205,0.2137,0.1876,0.1838,0.1828,0.182,0.1854,0.1808,0.1741,0.162,0.1606,0.1618,0.1626,0.154,0.1402,0.1364,0.1275,0.1186,0.118,0.1091
DYNMT,0.295,0.295,0.295,0.295,0.295,0.295,0.295,0.295,0.295,0.295,0.295,0.295,0.295,0.295,0.295,0.295,0.295,0.295,0.295,0.295,0.295,0.295,0.295,0.295,0.295,0.295,0.295,0.295,0.295,0.295,0.295
CCA,0.0,0.0,0.0,0.0,0.0,0.0,0.0,0.0,0.0,0.0,0.0,0.0,0.0,0.0,0.0,0.0,0.0,0.0,0.0,0.0,0.0,0.0,0.0,0.0,0.0,0.0,0.0,0.0,0.0,0.0,0.0
GTSE,0.5611,0.5611,0.5611,0.5611,0.5611,0.5611,0.5611,0.5611,0.5611,0.5611,0.5611,0.5611,0.5611,0.5611,0.5611,0.5611,0.5611,0.5611,0.5611,0.5611,0.5611,0.5611,0.5611,0.5611,0.5611,0.5611,0.5611,0.5611,0.5611,0.5611,0.5611
MLGC,0.401,0.401,0.401,0.401,0.401,0.401,0.401,0.401,0.401,0.401,0.401,0.401,0.401,0.401,0.401,0.401,0.401,0.401,0.401,0.401,0.401,0.401,0.401,0.401,0.401,0.401,0.401,0.401,0.401,0.401,0.401
OXT,0.1084,0.1097,0.1114,0.1106,0.1118,0.1107,0.1119,0.1024,0.1015,0.1013,0.1045,0.1025,0.1031,0.1013,0.1008,0.1012,0.1035,0.1039,0.1016,0.1148,0.111,0.1144,0.1144,0.1154,0.114,0.1074,0.1074,0.1043,0.1033,0.1051,0.09904
DAVP,0.6816,0.6816,0.6816,0.6816,0.6816,0.6816,0.6816,0.6816,0.6816,0.6816,0.6816,0.6816,0.6816,0.6816,0.6816,0.6816,0.6816,0.6816,0.6816,0.6816,0.6816,0.6816,0.6816,0.6816,0.6816,0.6816,0.6816,0.6816,0.6816,0.6816,0.6816
ZYN,0.2277,0.2264,0.2181,0.2219,0.2271,0.2216,0.2299,0.2298,0.2213,0.2296,0.2264,0.2332,0.2382,0.2496,0.2258,0.2387,0.2271,0.2268,0.2266,0.2233,0.2137,0.2136,0.2334,0.2209,0.212,0.2096,0.2068,0.2121,0.2119,0.1912,0.2097
KOK,0.2893,0.3017,0.3005,0.2962,0.2951,0.299,0.3034,0.3002,0.3037,0.3046,0.3054,0.328,0.3583,0.3696,0.3599,0.3573,0.3381,0.334,0.3199,0.3094,0.3062,0.3058,0.3049,0.2986,0.2973,0.2853,0.2879,0.2834,0.2714,0.2676,0.2461
RRB,0.9998,0.9998,0.9998,0.9998,0.9998,0.9998,0.9998,0.9998,0.9998,0.9998,0.9998,0.9998,0.9998,0.9998,0.9998,0.9998,0.9998,0.9998,0.9998,0.9998,0.9998,0.9998,0.9998,0.9998,0.9998,0.9998,0.9998,0.9998,0.9998,0.9998,0.9998
WIKI,0.21,0.21,0.21,0.21,0.2314,0.21,0.21,0.21,0.21,0.21,0.21,0.21,0.21,0.2164,0.21,0.21,0.21,0.21,0.21,0.21,0.21,0.21,0.2327,0.21,0.21,0.21,0.21,0.21,0.21,0.21,0.21
PCI,0.3359,0.3277,0.3245,0.3277,0.3277,0.3277,0.3284,0.3115,0.3142,0.2946,0.3161,0.3198,0.3254,0.3212,0.3153,0.3034,0.3159,0.3206,0.3061,0.309,0.3167,0.3377,0.3265,0.3259,0.3339,0.3279,0.328,0.3119,0.2969,0.2969,0.2969
GOD,1.838,1.847,1.83,1.828,1.846,1.846,1.815,1.793,1.831,1.829,1.821,1.801,1.804,1.822,1.801,1.837,1.837,1.84,1.826,1.863,1.861,1.875,1.878,1.843,1.818,1.792,1.778,1.794,1.985,2.029,1.785
USDH,0.9949,0.9949,0.9949,0.9949,0.9949,0.9949,0.9949,0.9949,0.9949,0.9949,0.9949,0.9949,0.9949,0.9949,0.9949,0.9949,0.9949,0.9949,0.9949,0.9949,0.9949,0.9949,0.9949,0.9949,0.9949,0.9949,0.9949,0.9949,0.9949,0.9949,0.9949
KDA,1.593,1.67,1.675,1.65,1.674,1.671,1.691,1.553,1.587,1.546,1.681,1.592,1.586,1.592,1.556,1.558,1.577,1.551,1.462,1.505,1.504,1.624,1.599,1.602,1.693,1.546,1.586,1.523,1.49,1.529,1.471
LM,0.4323,0.4173,0.4133,0.4158,0.4101,0.3986,0.3609,0.3759,0.3812,0.389,0.3869,0.3856,0.3771,0.3867,0.3855,0.3853,0.3836,0.3729,0.3766,0.3727,0.3759,0.3743,0.3726,0.3737,0.3746,0.3667,0.3626,0.3624,0.3598,0.3566,0.3643
TAUC,1.555,1.555,1.555,1.555,1.555,1.555,1.555,1.555,1.555,1.555,1.555,1.555,1.555,1.555,1.555,1.555,1.555,1.555,1.555,1.555,1.555,1.555,1.555,1.555,1.555,1.555,1.555,1.555,1.555,1.555,1.555
SCDS,0.1155,0.1155,0.1155,0.1155,0.1155,0.1155,0.1155,0.1155,0.1155,0.1155,0.1155,0.1155,0.1155,0.1155,0.1155,0.1155,0.1155,0.1155,0.1155,0.1155,0.1155,0.1155,0.1155,0.1155,0.1155,0.1155,0.1155,0.1155,0.1155,0.1155,0.1155
GIX,3.433,3.433,3.433,3.433,3.433,3.433,3.433,3.433,3.433,3.433,3.433,3.433,3.433,3.433,3.433,3.433,3.433,3.433,3.433,3.433,3.433,3.433,3.433,3.433,3.433,3.433,3.433,3.433,3.433,3.433,3.433
WRX,0.1971,0.2051,0.2071,0.2079,0.2077,0.2059,0.2097,0.1902,0.191,0.1896,0.1954,0.1933,0.1884,0.1899,0.1895,0.1901,0.1932,0.1872,0.1785,0.182,0.1802,0.1872,0.2308,0.2243,0.2172,0.2102,0.2118,0.2044,0.2034,0.2098,0.1953
WCC,0.912,0.912,0.912,0.912,0.912,0.912,0.912,0.912,0.912,0.912,0.912,0.912,0.912,0.912,0.912,0.912,0.912,0.912,0.912,0.912,0.912,0.912,0.912,0.912,0.912,0.912,0.912,0.912,0.912,0.912,0.912
JUL,180.0,180.0,180.0,180.0,180.0,180.0,180.0,180.0,180.0,180.0,180.0,180.0,180.0,180.0,180.0,180.0,180.0,180.0,180.0,180.0,180.0,180.0,180.0,180.0,180.0,180.0,180.0,180.0,180.0,180.0,180.0
NWC,0.1311,0.1258,0.1301,0.1186,0.1664,0.1538,0.1487,0.1475,0.1549,0.1477,0.1462,0.1439,0.1465,0.1401,0.1419,0.1336,0.1375,0.1231,0.1125,0.1388,0.1294,0.1441,0.1394,0.1322,0.1328,0.1235,0.1189,0.1158,0.121,0.1195,0.1084
DSC,3.536,3.536,3.536,3.536,3.536,3.536,3.536,3.536,3.536,3.536,3.536,3.536,3.536,3.536,3.536,3.536,3.536,3.536,3.536,3.536,3.536,3.536,3.536,3.536,3.536,3.536,3.536,3.536,3.536,3.536,3.536
TWEE,2.061,2.061,2.061,2.061,2.061,2.061,2.061,2.061,2.061,2.061,2.061,2.061,2.061,2.061,2.061,2.061,2.061,2.061,2.061,2.061,2.061,2.061,2.061,2.061,2.061,2.061,2.061,2.061,2.061,2.061,2.061
FK,0.0,0.0,0.0,0.0,0.0,0.0,0.0,0.0,0.0,0.0,0.0,0.0,0.0,0.0,0.0,0.0,0.0,0.0,0.0,0.0,0.0,0.0,0.0,0.0,0.0,0.0,0.0,0.0,0.0,0.0,0.0
SOLO,0.1528,0.1581,0.1607,0.1658,0.1654,0.1467,0.1539,0.1486,0.1529,0.1443,0.1364,0.1446,0.1399,0.1415,0.1374,0.139,0.1463,0.138,0.13,0.1224,0.1128,0.1227,0.1353,0.1456,0.1445,0.1482,0.1335,0.1384,0.1467,0.1397,0.1345
ERG,2.861,2.943,3.137,3.134,2.995,3.034,3.383,3.117,3.033,3.218,3.208,3.233,3.207,3.267,3.5,4.2,4.497,5.078,4.702,4.814,4.805,4.843,4.553,4.196,4.521,4.023,5.225,4.571,4.389,4.172,3.197
INS,0.18,0.18,0.18,0.18,0.18,0.18,0.18,0.18,0.18,0.18,0.18,0.18,0.18,0.18,0.18,0.18,0.18,0.18,0.18,0.18,0.18,0.18,0.18,0.18,0.18,0.18,0.18,0.18,0.18,0.18,0.18
AAB,0.937,0.9221,0.9267,0.9006,0.9203,0.9317,0.9382,0.9188,0.9051,0.9223,0.9303,0.9252,0.9298,0.9092,0.916,0.91,0.9217,0.9068,0.9133,0.8923,0.9091,0.9252,0.9221,0.9165,0.9164,0.8922,0.895,0.9069,0.8973,0.8983,0.8745
USDJ,1.0,1.001,1.001,0.9999,0.9992,0.9991,0.9956,0.9938,0.996,0.9946,0.9955,0.9922,0.9977,0.9985,1.0,1.002,0.9972,1.0,0.9983,0.9985,0.998,0.9983,0.9982,0.9951,0.9953,0.9958,0.9968,0.9967,0.9966,0.9966,0.9968
UPUSD,0.12,0.12,0.12,0.12,0.12,0.12,0.12,0.12,0.12,0.12,0.12,0.12,0.12,0.12,0.12,0.12,0.12,0.12,0.12,0.12,0.12,0.4366,0.12,0.12,0.12,0.12,0.12,0.12,0.12,0.12,0.12
EWT,3.109,3.918,5.179,4.793,4.417,4.782,4.733,4.137,4.129,4.104,4.202,3.929,3.78,3.885,3.798,4.025,4.03,4.08,3.83,3.923,4.729,4.744,4.567,4.478,4.535,4.236,4.318,4.058,3.993,4.015,3.869
BTCV,2.329,2.357,2.401,2.362,2.385,2.4,2.391,2.239,2.21,2.163,2.252,2.185,2.225,2.178,2.175,2.164,2.184,2.179,2.069,2.114,2.123,2.333,2.418,2.479,2.551,2.298,2.223,2.522,2.311,2.279,2.208
HIVE,0.5569,0.5428,0.5606,0.5533,0.5573,0.5574,0.5692,0.5343,0.5335,0.5283,0.5462,0.5487,0.5573,0.5486,0.554,0.5434,0.5439,0.5389,0.5214,0.5295,0.5494,0.5767,0.5777,0.5792,0.5801,0.5503,0.555,0.5477,0.5567,0.5649,0.5115
QUROZ,0.0,0.0,0.0,0.0,0.0,0.0,0.0,0.0,0.0,0.0,0.0,0.0,0.0,0.0,0.0,0.0,0.0,0.0,0.0,0.0,0.0,0.0,0.0,0.0,0.0,0.0,0.0,0.0,0.0,0.0,0.0
HUNT,0.4098,0.409,0.4198,0.4104,0.4269,0.4202,0.4318,0.4005,0.3967,0.3952,0.4029,0.4031,0.4183,0.4148,0.4103,0.4064,0.4046,0.3983,0.3827,0.3892,0.4023,0.4158,0.4141,0.4168,0.4138,0.3958,0.399,0.3906,0.3914,0.3943,0.3729
PGX,0.0,0.0,0.0,0.0,0.0,0.0,0.0,0.0,0.0,0.0,0.0,0.0,0.0,0.0,0.0,0.0,0.0,0.0,0.0,0.0,0.0,0.0,0.0,0.0,0.0,0.0,0.0,0.0,0.0,0.0,0.0
PCX,0.7886,0.8091,0.8327,0.8363,0.8058,0.8181,0.7853,0.7428,0.76,0.7714,0.7675,0.7618,0.7468,0.7134,0.7159,0.7035,0.7087,0.7128,0.6533,0.6772,0.665,0.6949,0.7319,0.7339,0.7253,0.6707,0.697,0.6659,0.645,0.6452,0.6428
CTSI,0.1515,0.1491,0.1556,0.1492,0.1574,0.1508,0.1552,0.1394,0.1402,0.1337,0.1448,0.1389,0.1395,0.1409,0.1389,0.1375,0.1463,0.1399,0.1307,0.1417,0.1494,0.1546,0.1532,0.1544,0.1546,0.1443,0.1481,0.1497,0.1559,0.1593,0.1382
MWC,1.891,1.957,1.939,1.943,1.947,1.931,1.932,1.941,1.937,1.929,1.934,1.929,1.929,1.693,1.662,1.649,1.658,1.643,1.643,1.621,1.611,1.608,1.576,1.589,1.592,1.57,1.551,1.551,1.55,1.55,1.467
SENSO,0.1842,0.1807,0.1824,0.1725,0.1727,0.1725,0.1813,0.1686,0.1569,0.1495,0.1605,0.1588,0.1599,0.1591,0.1621,0.1584,0.1585,0.1573,0.1554,0.1567,0.1629,0.1804,0.1807,0.1779,0.1833,0.1731,0.1714,0.1658,0.1602,0.1644,0.1658
STAKE,4.999,4.999,4.998,4.998,2.831,3.001,3.001,3.002,2.831,2.831,2.831,2.831,2.831,2.803,2.803,3.998,2.901,2.901,1.212,1.999,2.499,1.999,1.999,1.999,1.999,1.214,1.409,1.41,1.359,1.359,1.359
UFOC,0.2484,0.2484,0.2484,0.2484,0.2484,0.2484,0.2484,0.2484,0.2484,0.2484,0.2484,0.2484,0.2484,0.2484,0.2484,0.2484,0.2484,0.2484,0.2484,0.2484,0.2484,0.2484,0.2484,0.2484,0.2484,0.2484,0.2484,0.2484,0.2484,0.2484,0.2484
BONO,0.0,0.0,0.0,0.0,0.0,0.0,0.0,0.0,0.0,0.0,0.0,0.0,0.0,0.0,0.0,0.0,0.0,0.0,0.0,0.0,0.0,0.0,0.0,0.0,0.0,0.0,0.0,0.0,0.0,0.0,0.0
TWT,1.022,1.065,1.078,1.036,1.025,1.03,1.01,0.9591,0.9629,0.9335,0.9662,0.9633,0.9534,0.9574,0.9678,0.9675,0.9786,0.9784,0.9387,0.968,0.9741,1.047,1.034,1.027,1.004,1.022,1.017,0.9837,0.9742,0.9976,0.9352
1GOLD,56.0,56.0,56.0,56.0,56.0,56.0,56.0,56.0,56.0,56.0,56.0,56.0,56.0,56.0,56.0,56.0,56.0,56.0,56.0,56.0,56.0,56.0,56.0,56.0,56.0,56.0,56.0,56.0,56.0,56.0,56.0
CGLD,1.736,1.736,1.736,1.736,1.736,1.736,1.736,1.736,1.736,1.736,1.736,1.736,1.736,1.736,1.736,1.736,1.736,1.736,1.736,1.736,1.736,1.736,1.736,1.736,1.736,1.736,1.736,1.736,1.736,1.736,1.736
VI,0.121,0.121,0.121,0.121,0.121,0.121,0.121,0.121,0.121,0.121,0.121,0.121,0.121,0.121,0.121,0.121,0.121,0.121,0.121,0.121,0.121,0.121,0.121,0.121,0.121,0.121,0.121,0.121,0.121,0.121,0.121
AR,11.86,12.24,12.66,12.21,12.45,12.46,12.3,11.11,11.0,10.28,10.91,10.09,9.984,10.1,10.02,10.14,10.25,10.16,9.329,9.743,10.02,10.95,11.08,11.29,10.73,9.714,9.794,9.75,10.12,10.2,9.421
GHOST,0.2505,0.2505,0.2505,0.2505,0.2505,0.2505,0.2505,0.2505,0.2505,0.2505,0.2505,0.2505,0.2505,0.2505,0.2505,0.2505,0.2505,0.2505,0.2505,0.2505,0.2505,0.2505,0.2505,0.2505,0.2505,0.2505,0.2505,0.2505,0.2505,0.2505,0.2505
RSV,0.997,0.9972,0.9972,0.9971,0.997,0.9972,0.997,0.997,0.9973,0.997,0.9974,0.997,0.997,0.997,0.9974,0.997,0.997,0.997,0.9974,0.997,0.993,0.9868,1.017,0.9972,0.9972,0.9973,0.997,0.9975,0.9971,0.9975,0.9969
GGOLD,7.0,7.0,7.0,7.0,7.0,7.0,7.0,7.0,7.0,7.0,7.0,7.0,7.0,7.0,7.0,7.0,7.0,7.0,7.0,7.0,7.0,7.0,7.0,7.0,7.0,7.0,7.0,7.0,7.0,7.0,7.0
BTMXBULL,1.946,1.946,1.946,1.946,1.946,1.946,1.946,1.946,1.946,1.946,1.946,1.946,1.946,1.946,1.946,1.946,1.946,1.946,1.946,1.946,1.946,1.946,1.946,1.946,1.946,1.946,1.946,1.946,1.946,1.946,1.946
CGT,58.29,58.29,58.29,58.29,56.71,56.2,55.91,55.31,55.41,55.18,57.08,56.32,55.58,54.48,55.58,55.58,55.58,55.58,55.58,55.75,55.29,55.83,55.75,55.24,55.75,55.75,54.67,53.21,53.21,53.21,53.17
DAWN,0.8426,0.8623,0.9006,0.8646,0.8862,0.8639,0.8854,0.8311,0.83,0.7635,0.8431,0.8381,0.8526,0.885,0.8567,0.785,0.8489,0.8336,0.7926,0.8292,0.8551,0.8958,0.8932,0.9005,0.8959,0.7794,0.809,0.7884,0.7994,0.8635,0.7515
PMGT,1710.0,1710.0,1710.0,1710.0,1710.0,1710.0,1710.0,1710.0,1710.0,1710.0,1710.0,1710.0,1710.0,1710.0,1710.0,1710.0,1710.0,1710.0,1710.0,1710.0,1710.0,1710.0,1710.0,1710.0,1710.0,1710.0,1710.0,1710.0,1710.0,1710.0,1710.0
PQT,0.7974,0.7974,0.7974,0.7974,0.7974,0.7974,0.7974,0.7974,0.7974,0.7974,0.7974,0.7974,0.7974,0.7974,0.7974,0.7974,0.7974,0.7974,0.7974,0.7974,0.7974,0.7974,0.7974,0.7974,0.7974,0.7974,0.7974,0.7974,0.7974,0.7974,0.7974
SWAP,0.2075,0.2096,0.2096,0.2096,0.2096,0.2095,0.2344,0.2204,0.2096,0.2075,0.1501,0.1936,0.2144,0.2144,0.171,0.2145,0.1796,0.1803,0.2046,0.2189,0.1942,0.1827,0.1804,0.1804,0.4654,0.249,0.2189,0.1611,0.2014,0.2014,0.2091
KEEP,0.165,0.1645,0.1726,0.1689,0.1675,0.1691,0.1689,0.1601,0.1575,0.1541,0.1587,0.1545,0.1554,0.1544,0.156,0.1557,0.156,0.1544,0.1488,0.1532,0.1562,0.1626,0.1688,0.1732,0.1655,0.1531,0.1553,0.15,0.1516,0.1541,0.1457
UFC,0.19,0.19,0.19,0.19,0.19,0.19,0.19,0.19,0.19,0.19,0.19,0.19,0.19,0.19,0.19,0.19,0.19,0.19,0.19,0.19,0.19,0.19,0.19,0.19,0.19,0.19,0.19,0.19,0.19,0.19,0.19
ALEPH,0.2612,0.2612,0.2616,0.2617,0.2612,0.2598,0.2605,0.2608,0.2615,0.2609,0.2624,0.261,0.2495,0.2185,0.1981,0.1844,0.1808,0.1642,0.1547,0.1467,0.1394,0.1362,0.1309,0.1267,0.1883,0.1365,0.1343,0.1254,0.1191,0.117,0.1137
DFI,0.7901,0.785,0.804,0.8037,0.89,0.93,0.961,0.889,0.891,0.8711,0.904,0.8871,0.9283,0.954,1.005,1.091,1.187,1.359,1.034,1.012,0.98,1.067,1.035,0.9737,0.9905,0.902,0.9321,0.97,0.9196,0.904,0.855
VXV,0.375,0.3815,0.3967,0.3999,0.38,0.3757,0.3885,0.3664,0.372,0.3664,0.3648,0.3782,0.3618,0.3801,0.3664,0.3858,0.36,0.3478,0.3295,0.3285,0.318,0.3189,0.32,0.3514,0.3576,0.3401,0.34,0.3381,0.3231,0.3354,0.3284
XOR,2.828,2.85,2.938,2.811,2.559,2.55,2.533,2.23,2.632,2.675,2.794,2.755,2.722,2.682,2.378,2.341,2.435,2.339,2.066,2.046,1.964,2.069,1.969,2.006,2.065,1.895,1.992,1.914,1.959,1.929,1.915
HNT,6.965,6.773,6.891,6.524,6.723,6.977,6.793,6.06,6.168,5.908,6.196,5.543,5.248,4.812,4.51,4.189,4.34,3.949,3.38,5.32,4.787,4.682,5.641,5.191,5.121,4.427,4.22,4.07,4.208,4.402,3.982
MCB,2.809,2.809,2.809,2.809,2.809,2.809,2.809,2.809,2.809,2.809,2.809,2.809,2.809,2.809,2.809,2.809,2.809,2.809,2.809,2.809,2.809,2.809,2.809,2.809,2.809,2.809,2.809,2.809,2.809,2.809,2.809
KTON,13.99,13.7,13.64,13.63,13.81,13.84,14.16,11.55,12.13,12.09,11.88,11.86,11.02,10.82,10.68,12.17,11.85,11.23,11.78,11.25,11.06,11.2,10.87,11.52,11.23,11.01,10.86,10.46,10.31,10.12,9.888
MLK,0.3652,0.3638,0.3687,0.3627,0.3655,0.3695,0.3746,0.3535,0.3539,0.3544,0.3607,0.3609,0.3632,0.3599,0.3612,0.358,0.3551,0.3518,0.3381,0.3402,0.3505,0.3609,0.3629,0.3649,0.367,0.3439,0.3419,0.3337,0.3361,0.3428,0.3208
GEEQ,0.1518,0.1528,0.148,0.1434,0.162,0.1597,0.158,0.1406,0.1396,0.1421,0.1519,0.1519,0.1471,0.152,0.1499,0.1459,0.147,0.1513,0.1388,0.1388,0.131,0.1214,0.136,0.1354,0.1258,0.1225,0.1256,0.1181,0.1143,0.125,0.1085
XRT,4.608,4.481,4.692,4.418,4.61,4.696,4.844,4.284,4.288,4.185,4.527,4.303,4.347,4.328,4.272,4.203,4.144,4.186,4.006,3.972,3.97,4.12,4.176,4.366,4.073,3.818,3.99,3.647,3.699,4.186,3.823
BREE,0.0,0.0,0.0,0.0,0.0,0.0,0.0,0.0,0.0,0.0,0.0,0.0,0.0,0.0,0.0,0.0,0.0,0.0,0.0,0.0,0.0,0.0,0.0,0.0,0.0,0.0,0.0,0.0,0.0,0.0,0.0
PRQ,0.1203,0.1218,0.1323,0.1304,0.1302,0.1316,0.1327,0.1205,0.1179,0.1128,0.1175,0.1163,0.1186,0.112,0.1121,0.113,0.1137,0.1129,0.1063,0.1075,0.1107,0.1127,0.1165,0.1216,0.1217,0.1106,0.142,0.1182,0.1127,0.1157,0.1103
YFV,1.93,1.93,1.93,1.93,1.93,1.93,1.93,1.93,1.93,1.93,1.93,1.93,1.93,1.93,1.93,1.93,1.93,1.93,1.93,1.93,1.93,1.93,1.93,1.93,1.93,1.93,1.93,1.93,1.93,1.93,1.93
YAMV2,12.49,12.49,12.49,12.49,12.49,12.49,12.49,12.49,12.49,12.49,12.49,12.49,12.49,12.49,12.49,12.49,12.49,12.49,12.49,12.49,12.49,12.49,12.49,12.49,12.49,12.49,12.49,12.49,12.49,12.49,12.49
YFL,9.04,10.98,9.04,9.03,9.03,14.87,13.5,12.0,18.89,18.89,17.99,17.99,17.94,10.22,10.22,10.22,10.37,10.37,10.37,10.37,10.37,16.99,16.99,10.36,10.36,12.0,12.0,9.04,9.04,10.09,6.01
LIEN,0.5633,0.5518,0.5502,0.5527,0.5661,0.5467,0.5426,0.528,0.507,0.5137,0.5122,0.8381,0.544,0.5233,0.5358,0.5762,0.5526,0.5337,0.5144,0.5215,0.5233,0.5327,0.5147,0.5826,0.5321,0.5353,0.5079,0.5153,0.5305,0.5288,0.6673
PEARL,16.65,18.26,17.35,17.16,17.17,17.67,17.49,17.66,17.17,16.74,16.62,16.72,16.76,16.4,16.85,16.62,16.76,16.66,15.99,15.92,16.51,15.43,15.39,15.06,14.72,14.64,14.68,13.37,12.64,12.66,12.01
TAI,0.2658,0.2819,0.2865,0.277,0.2802,0.2792,0.2794,0.2787,0.2659,0.2643,0.2668,0.2703,0.2693,0.269,0.2601,0.2602,0.2583,0.2448,0.2453,0.2383,0.3099,0.2731,0.264,0.2572,0.2711,0.2554,0.2631,0.2453,0.2484,0.2456,0.2442
OPTC,0.5868,0.5868,0.5868,0.5868,0.5868,0.5868,0.5868,0.5868,0.5868,0.5868,0.5868,0.5868,0.5868,0.5868,0.5868,0.5868,0.5868,0.5868,0.5868,0.5868,0.5868,0.5868,0.5868,0.5868,0.5868,0.5868,0.5868,0.5868,0.5868,0.5868,0.5868
CORN,12.11,13.24,18.56,14.11,14.3,14.57,14.53,14.6,13.28,13.35,12.94,13.36,12.92,13.17,13.11,13.13,13.16,13.2,13.24,13.34,13.21,13.25,13.86,13.45,13.48,13.14,13.07,12.55,12.55,12.94,12.91
SALMON,1.682,1.682,1.682,1.682,1.682,1.682,1.682,1.682,1.682,1.682,1.682,1.682,1.682,1.682,1.682,1.682,1.682,1.682,1.682,1.682,1.682,1.682,1.682,1.682,1.682,1.682,1.682,1.682,1.682,1.682,1.682
JFI,54.85,58.61,60.08,57.77,55.04,55.07,55.65,53.17,53.05,52.68,53.43,53.22,52.09,51.84,55.33,52.11,48.89,48.33,43.99,46.77,47.18,49.72,50.22,47.49,48.83,48.15,47.86,43.63,41.65,42.64,41.49
MATH,0.1576,0.1572,0.1568,0.1574,0.156,0.1576,0.155,0.1479,0.1513,0.1451,0.1302,0.1186,0.1218,0.1227,0.1388,0.1321,0.1315,0.1259,0.1317,0.1281,0.1236,0.1255,0.1274,0.1256,0.1274,0.1233,0.12,0.1184,0.1181,0.1198,0.1148
CELOUSD,0.9946,0.9955,0.9951,0.9948,0.9942,0.993,0.9936,0.9949,0.995,0.9946,0.9946,0.9937,0.9943,0.9944,0.9942,0.9951,0.9946,0.9946,0.9944,0.9946,0.996,0.9968,1.002,0.9985,0.9974,0.9983,0.9977,0.9974,0.997,0.9967,0.9931
HGET,0.6621,0.6494,0.6481,0.6515,0.657,0.6533,0.6507,0.6542,0.6466,0.6476,0.6412,0.645,0.6516,0.6506,0.5769,0.5762,0.5568,0.4796,0.4765,0.4775,0.4791,0.4832,0.4851,0.4845,0.4868,0.473,0.4725,0.4654,0.4608,0.4642,0.4692
BOUNCE,296.78,296.78,296.78,296.78,296.78,296.78,296.78,296.78,296.78,296.78,296.78,296.78,296.78,296.78,296.78,296.78,296.78,296.78,296.78,296.78,296.78,296.78,296.78,296.78,296.78,296.78,296.78,296.78,296.78,296.78,296.78
PICKLE,1.561,1.609,1.716,1.648,1.64,1.692,1.642,1.529,1.479,1.51,1.509,1.499,1.855,1.547,1.484,1.523,1.505,1.517,1.475,1.486,1.534,1.523,1.533,1.615,1.592,1.456,1.465,1.345,1.338,1.372,1.309
DPI,91.79,90.26,92.87,90.42,98.1,90.8,97.7,81.02,82.72,83.92,92.08,89.01,83.43,83.86,91.41,90.56,85.94,92.95,85.54,90.26,90.13,94.57,89.85,94.99,87.42,81.26,89.52,83.62,78.19,81.71,72.42
GHST,1.321,1.316,1.313,1.325,1.312,1.306,1.302,1.274,1.275,1.262,1.273,1.257,1.257,1.266,1.259,1.256,1.251,1.249,1.229,1.235,1.23,1.238,1.233,1.231,1.215,1.203,1.209,1.192,1.204,1.206,1.192
DEGO,1.876,1.989,2.003,1.933,1.973,2.096,2.017,1.904,1.822,1.797,1.871,1.85,1.818,1.836,1.851,1.821,1.859,1.845,1.739,1.789,1.826,1.923,1.885,1.897,1.864,1.751,1.797,1.707,1.639,1.757,1.635
DBOX,1.119,1.119,1.301,1.489,1.435,1.435,1.435,1.258,1.235,1.211,1.211,1.184,1.111,1.111,1.256,1.2,1.2,1.215,1.208,1.208,1.285,1.338,1.42,1.383,1.334,1.162,1.196,1.095,1.142,1.17,1.054
RARI,2.726,2.676,2.84,2.808,2.878,2.776,2.736,2.505,2.561,2.517,2.566,2.497,2.511,2.441,2.451,2.434,2.439,2.445,2.329,2.374,2.335,2.452,2.404,2.496,2.502,2.381,2.354,2.307,2.292,2.328,2.258
NSBT,13.73,13.12,13.66,13.23,13.31,13.42,13.11,12.47,11.61,11.42,11.06,10.73,9.651,9.968,9.898,9.75,9.496,9.685,9.32,9.523,9.262,9.79,9.945,10.37,10.2,9.521,9.523,8.698,8.538,8.355,8.173
DHT,0.1409,0.1458,0.1468,0.1532,0.1565,0.1591,0.1593,0.1515,0.1507,0.1527,0.1568,0.1588,0.1546,0.1572,0.1567,0.1503,0.1506,0.1441,0.144,0.1439,0.1476,0.1549,0.1564,0.1579,0.1576,0.1423,0.1385,0.1267,0.1284,0.1297,0.1272
MEXP,0.0,0.0,0.0,0.0,0.0,0.0,0.0,0.0,0.0,0.0,0.0,0.0,0.0,0.0,0.0,0.0,0.0,0.0,0.0,0.0,0.0,0.0,0.0,0.0,0.0,0.0,0.0,0.0,0.0,0.0,0.0
FLM,0.1383,0.1342,0.1366,0.1317,0.1347,0.1342,0.132,0.1177,0.1188,0.1135,0.119,0.1138,0.1152,0.1166,0.1163,0.1203,0.1207,0.1177,0.1085,0.111,0.1136,0.1216,0.1216,0.1203,0.1175,0.1094,0.1083,0.1057,0.1053,0.1087,0.09681
PTF,0.3318,0.3318,0.3318,0.3318,0.3318,0.3318,0.3318,0.3318,0.3318,0.3318,0.3318,0.3318,0.3318,0.3318,0.3318,0.3318,0.3318,0.3318,0.3318,0.3318,0.3318,0.3318,0.3318,0.3318,0.3318,0.3318,0.3318,0.3318,0.3318,0.3318,0.3318
BAKE,0.2629,0.2601,0.2691,0.2668,0.2701,0.2651,0.2768,0.2519,0.2495,0.2418,0.2581,0.2459,0.2515,0.252,0.2469,0.2489,0.2547,0.2506,0.2277,0.2595,0.2602,0.2733,0.2741,0.2682,0.2635,0.243,0.2417,0.2307,0.2281,0.2356,0.2076
TITAN,1.083,1.083,1.125,1.069,1.079,1.107,1.114,1.088,1.074,1.064,1.035,1.043,1.06,1.052,1.089,1.022,1.025,0.9918,1.005,0.962,0.973,1.051,1.027,1.069,1.071,1.008,0.995,0.992,1.08,1.106,1.046
CRU,0.8415,0.8381,0.8427,0.833,0.8046,0.818,0.8533,0.7638,0.7813,0.7711,0.7999,0.765,0.8104,0.7793,0.7806,0.7526,0.7543,0.7854,0.7377,0.7641,0.7858,0.7895,0.84,0.8191,0.8414,0.772,0.7615,0.7657,0.7727,0.7923,0.7453
POLS,0.5162,0.5107,0.5228,0.5168,0.5225,0.5199,0.5268,0.4969,0.4837,0.4751,0.5051,0.4955,0.505,0.5141,0.5081,0.504,0.5135,0.5025,0.4778,0.4956,0.5039,0.5181,0.5707,0.5487,0.5269,0.4995,0.517,0.4942,0.4924,0.503,0.4692
DMD,13.03,14.05,15.05,16.32,16.01,16.44,16.7,14.89,15.2,14.58,15.09,13.62,13.92,14.43,14.32,14.04,14.03,13.62,12.23,13.31,13.04,13.43,13.7,13.18,12.81,12.3,11.99,10.16,9.38,9.82,8.83
VALUE,0.2813,0.2592,0.2752,0.271,0.2715,0.2733,0.281,0.27,0.2606,0.2583,0.2361,0.2156,0.2123,0.2115,0.2443,0.2228,0.229,0.2226,0.2152,0.2192,0.2241,0.2342,0.2429,0.2383,0.2357,0.2223,0.2266,0.2182,0.2103,0.2141,0.2113
XVS,5.8,5.88,5.905,5.662,5.741,5.723,5.684,5.132,4.869,4.819,5.118,4.862,4.867,4.907,4.855,4.835,4.915,4.932,4.522,4.81,4.803,5.02,5.108,5.101,4.982,4.661,4.67,4.471,4.36,4.54,4.629
ALPHA,0.1241,0.125,0.1297,0.1274,0.1314,0.1312,0.134,0.1194,0.1193,0.1146,0.1258,0.1216,0.1219,0.1227,0.121,0.1185,0.1194,0.1189,0.1073,0.1168,0.1181,0.1291,0.1288,0.1299,0.1283,0.1164,0.1188,0.1115,0.1125,0.1159,0.1062
WISE,0.1239,0.1056,0.1246,0.119,0.1219,0.1089,0.1242,0.1105,0.1144,0.1097,0.1191,0.1169,0.1192,0.1219,0.1209,0.1197,0.1214,0.124,0.1198,0.1252,0.1254,0.1321,0.1363,0.1354,0.1317,0.121,0.1257,0.1132,0.1102,0.1129,0.1024
DODO,0.1293,0.131,0.1396,0.1371,0.1397,0.1407,0.1409,0.1274,0.1246,0.1182,0.1312,0.1278,0.1274,0.1272,0.1231,0.1258,0.1299,0.128,0.1193,0.1286,0.1249,0.1353,0.1336,0.1333,0.1319,0.1253,0.1248,0.1202,0.1221,0.1276,0.1209
PLTC,5.545,5.545,5.545,5.545,5.545,5.545,5.545,5.545,5.545,5.545,5.545,5.545,5.545,5.545,5.545,5.545,5.545,5.545,5.545,5.545,5.545,5.545,5.545,5.545,5.545,5.545,5.545,5.545,5.545,5.545,5.545
OCTO,1.698,1.677,1.694,1.751,1.745,1.744,1.793,1.672,1.6,1.67,1.658,1.597,1.638,1.8,1.768,1.701,1.705,1.711,1.671,1.699,1.725,1.972,2.085,2.056,1.909,1.835,1.83,1.671,1.662,1.621,1.574
EZ,0.2815,0.2856,0.2907,0.2893,0.2908,0.2887,0.2913,0.2735,0.2707,0.2642,0.2741,0.2676,0.2708,0.272,0.2696,0.2679,0.2702,0.2674,0.2539,0.2605,0.261,0.2886,0.2925,0.2949,0.3026,0.2726,0.2732,0.2661,0.2676,0.2717,0.2623
NU,0.17,0.171,0.1736,0.1668,0.1722,0.1695,0.1704,0.1615,0.1583,0.1559,0.1617,0.1599,0.1614,0.1592,0.1588,0.1589,0.1602,0.1588,0.1498,0.1543,0.1631,0.1643,0.1669,0.1757,0.1749,0.1715,0.1618,0.159,0.1596,0.1623,0.1499
UFT,0.1842,0.1915,0.1933,0.1913,0.1982,0.2004,0.1955,0.1799,0.1717,0.1621,0.1781,0.1727,0.174,0.2229,0.2893,0.2567,0.2352,0.2311,0.2121,0.2185,0.211,0.2159,0.2328,0.2973,0.254,0.2397,0.262,0.2446,0.2349,0.4011,0.3422
AKT,0.3673,0.3574,0.3653,0.3628,0.3722,0.3744,0.3723,0.3235,0.3272,0.3178,0.3266,0.3285,0.3322,0.3417,0.3383,0.3315,0.335,0.3253,0.3128,0.3306,0.3483,0.3641,0.3583,0.3473,0.3447,0.3212,0.3203,0.3259,0.3407,0.3449,0.3252
TBTC,21455.43,21477.2,22160.8,21968.79,22328.05,21881.6,22318.37,20950.42,20779.13,20146.15,21061.47,20344.29,20749.27,20655.13,20630.51,20506.81,20130.85,20586.57,19410.84,18628.73,19898.79,21176.51,21431.06,22293.08,22135.44,20225.8,19837.09,18891.71,19256.61,21577.36,16958.68
FIS,0.3322,0.3352,0.3494,0.3417,0.3616,0.3485,0.341,0.3224,0.3314,0.3128,0.3317,0.3251,0.3313,0.3262,0.3275,0.3276,0.33,0.3343,0.321,0.3303,0.3347,0.3483,0.3594,0.3674,0.3696,0.336,0.3441,0.3359,0.3384,0.35,0.3233
AUDIO,0.3021,0.301,0.3089,0.3041,0.3104,0.3201,0.3162,0.2829,0.283,0.279,0.2978,0.2848,0.279,0.2828,0.2804,0.2856,0.2952,0.2828,0.2568,0.2833,0.2811,0.2893,0.2872,0.2823,0.293,0.258,0.2529,0.2417,0.245,0.2508,0.2187
PERP,0.7306,0.7433,0.7941,0.7626,0.7677,0.7691,0.7843,0.6949,0.6933,0.6573,0.725,0.691,0.688,0.6867,0.6817,0.6903,0.6906,0.6874,0.6431,0.6617,0.6899,0.7197,0.7196,0.736,0.708,0.649,0.6623,0.6093,0.6073,0.619,0.5605
WOO,0.1711,0.1627,0.1725,0.169,0.1713,0.1709,0.1739,0.1506,0.1494,0.1407,0.155,0.1499,0.15,0.1533,0.1507,0.1522,0.1566,0.1591,0.1455,0.1511,0.1534,0.1628,0.1631,0.1647,0.1663,0.1478,0.1486,0.1416,0.1461,0.1505,0.1375
HARD,0.2127,0.211,0.2163,0.21,0.2111,0.2168,0.2181,0.197,0.2,0.195,0.2029,0.2038,0.2024,0.2019,0.2015,0.2014,0.2018,0.1994,0.1887,0.1916,0.1973,0.2078,0.205,0.2078,0.2048,0.1978,0.1981,0.1911,0.1873,0.1991,0.2868
GSWAP,0.5234,0.563,0.5552,0.6044,0.685,0.6741,0.707,0.6158,0.6391,0.6133,0.6348,0.6086,0.6164,0.7592,0.6268,0.5286,0.5337,0.5487,0.4798,0.5442,0.5066,0.5349,0.5873,0.5613,0.5091,0.4078,0.4627,0.3793,0.3205,0.4716,0.4349
UNFI,8.955,8.9,8.988,8.407,8.277,8.784,8.439,7.366,7.906,7.302,7.808,7.593,7.572,7.577,7.524,7.751,8.001,7.707,6.753,7.21,7.217,8.045,7.832,7.886,8.052,7.095,7.132,6.857,7.139,7.242,6.067
HEZ,7.362,7.362,7.362,7.362,7.362,7.362,7.362,7.362,7.362,7.362,7.362,7.362,7.362,7.362,7.362,7.362,7.362,7.362,7.362,7.362,7.362,7.362,7.362,7.362,7.362,7.362,7.362,7.362,7.362,7.362,7.362
SFI,61.64,59.27,63.7,65.65,64.77,65.31,67.21,61.38,60.13,57.35,59.16,61.55,59.55,58.46,62.58,61.2,59.4,60.06,59.55,56.66,56.02,59.82,58.6,52.29,53.55,50.73,50.87,52.13,49.18,50.67,50.12
KFC,11.91,11.76,11.94,11.75,11.87,11.88,11.67,11.82,11.71,11.89,12.12,11.96,12.42,11.44,11.66,11.58,11.94,11.59,11.59,11.61,12.25,12.0,11.67,11.6,11.58,11.61,11.78,12.8,12.67,12.42,12.47
API3,1.912,1.861,1.913,1.892,1.965,1.939,1.945,1.684,1.691,1.602,1.732,1.634,1.65,1.693,1.7,1.678,1.727,1.688,1.596,1.796,1.763,1.843,1.791,1.84,1.804,1.678,1.668,1.579,1.539,1.608,1.43
MIR,0.1716,0.1751,0.1791,0.1734,0.1796,0.1758,0.1812,0.1604,0.1623,0.1571,0.1791,0.1657,0.1755,0.1788,0.1817,0.1786,0.1762,0.1851,0.17,0.1724,0.1775,0.2374,0.3108,0.283,0.2339,0.2822,0.2451,0.2244,0.2448,0.2432,0.2186
COVER,19.48,19.82,22.16,22.02,22.4,22.02,22.17,22.03,21.42,21.79,22.28,22.23,22.08,22.35,22.24,22.35,22.4,22.19,21.43,21.93,22.56,23.85,24.69,24.34,24.61,23.77,24.75,24.08,24.05,24.09,20.6
ROOK,33.45,34.08,34.43,34.85,36.99,36.85,38.58,35.53,35.18,35.01,36.49,43.01,44.55,47.01,45.64,46.27,47.01,47.78,43.46,44.67,44.3,44.37,44.22,43.76,39.96,38.62,38.03,35.88,34.62,35.14,33.12
BADGER,3.699,3.715,3.921,3.874,3.881,4.135,4.163,3.773,3.786,3.624,3.904,3.69,3.795,3.956,3.993,3.855,4.238,4.289,4.021,4.178,4.222,4.692,4.869,4.741,4.703,4.18,4.252,4.087,4.056,4.204,3.989
STETH,1565.1,1537.18,1569.81,1579.85,1609.58,1610.67,1659.07,1462.51,1455.08,1383.94,1516.64,1471.7,1514.26,1537.69,1521.93,1500.55,1517.94,1556.2,1492.03,1559.24,1581.11,1671.5,1716.55,1708.69,1660.07,1536.54,1591.22,1455.5,1417.98,1456.37,1324.23
ATM,5.39,5.07,5.04,5.41,5.38,5.192,5.05,4.467,4.591,4.34,4.533,4.47,4.791,4.79,4.945,4.96,4.88,4.722,4.37,4.49,4.53,4.61,4.63,4.64,4.55,4.501,4.38,4.21,4.31,4.453,4.22
FRAX,0.9767,0.9788,0.9897,0.9921,0.9891,0.9902,0.9881,0.9877,0.9944,0.9749,0.9774,0.9782,0.9754,0.9804,0.9812,0.985,0.987,0.9905,0.985,0.9723,0.9959,0.9926,0.9959,0.9926,0.9781,0.9715,0.9799,0.9803,0.9935,0.9871,0.9902
FXS,6.36,6.409,6.756,6.598,6.449,6.28,6.346,5.887,5.662,5.663,5.795,5.868,5.757,5.704,6.128,6.023,6.314,6.445,6.095,6.2,6.22,6.526,6.471,6.554,6.292,5.623,5.57,5.398,5.159,5.346,5.273
MIS,0.4474,0.4145,0.4469,0.4503,0.4516,0.4481,0.4315,0.4021,0.4079,0.3964,0.3968,0.3998,0.3898,0.3742,0.3736,0.3674,0.3577,0.3661,0.4017,0.3689,0.3696,0.3873,0.4029,0.3909,0.3915,0.3892,0.3922,0.3909,0.3847,0.3864,0.4366
NFTX,32.94,28.36,29.15,28.6,29.42,28.07,27.69,24.51,23.2,23.16,26.66,25.41,29.56,29.8,29.06,29.41,29.12,29.67,28.94,28.31,29.69,30.46,31.83,31.64,31.77,29.05,26.84,25.15,24.08,24.67,22.71
DIGG,11009.12,10980.49,10726.39,10772.44,12132.24,7830.47,6357.51,5485.71,5165.93,4894.27,5133.01,4962.59,4892.93,4713.35,4590.8,4462.04,4493.66,4528.08,4267.6,4275.01,4402.85,4880.45,4449.93,4877.09,5152.1,4378.27,4426.99,3795.07,3871.49,3670.23,3587.25
SX,0.1707,0.1707,0.1707,0.1793,0.1908,0.1908,0.1662,0.1616,0.1506,0.1506,0.1506,0.1606,0.1676,0.1676,0.1643,0.1643,0.1643,0.1643,0.1661,0.1617,0.1617,0.166,0.166,0.1694,0.1762,0.1692,0.1692,0.1611,0.1611,0.1611,0.1611
LIT,0.748,0.733,0.7731,0.7708,0.774,0.772,0.77,0.6949,0.7261,0.6838,0.7441,0.7359,0.7161,0.7241,0.6995,0.7115,0.7199,0.7207,0.6504,0.6878,0.685,0.7511,0.746,0.744,0.722,0.6769,0.682,0.6649,0.648,0.6918,0.613
SFP,0.3457,0.3395,0.363,0.3595,0.3757,0.3798,0.3977,0.3709,0.3849,0.3765,0.4178,0.3888,0.3963,0.3986,0.3728,0.3701,0.3797,0.3861,0.3494,0.3718,0.3781,0.3957,0.4035,0.3934,0.3954,0.3665,0.3711,0.3525,0.3606,0.3694,0.3414
CWS,0.609,0.6398,0.6543,0.6218,0.6336,0.6331,0.6169,0.587,0.5363,0.528,0.5469,0.54,0.5154,0.5043,0.504,0.5038,0.5057,0.5152,0.4919,0.5046,0.5131,0.5586,0.5455,0.5265,0.5338,0.5084,0.5107,0.4928,0.5027,0.5379,0.5142
ETH2,1473.03,1487.2,1447.79,1482.63,1522.5,1508.46,1519.02,1376.83,1335.94,1293.62,1397.74,1342.32,1362.72,1432.07,1367.8,1352.44,1368.9,1376.37,1388.37,1442.22,1504.58,1565.32,1649.99,1654.84,1620.76,1485.36,1537.89,1388.18,1345.12,1378.97,1263.78
DAO,1.835,1.71,1.733,1.699,1.731,1.72,1.759,1.73,1.699,1.701,1.757,1.711,1.698,1.684,1.71,1.716,1.746,1.734,1.743,1.758,1.755,1.837,1.763,1.746,1.703,1.697,1.697,1.694,1.647,1.648,1.599
STRONG,7.526,7.199,7.563,7.194,7.316,7.162,7.053,6.472,6.246,6.331,6.272,6.206,6.38,6.24,6.41,6.222,6.392,6.304,6.189,6.216,6.642,7.886,8.593,8.722,8.063,7.546,7.293,7.306,6.889,7.026,6.704
QUICK,68.31,69.08,71.89,70.86,72.53,72.16,71.79,64.5,63.99,62.46,65.68,62.59,64.1,64.86,65.07,64.82,65.99,63.18,59.39,60.73,61.19,64.61,65.6,64.95,64.21,59.87,59.06,56.29,57.23,60.21,63.93
MOD,0.2957,0.2847,0.2921,0.2953,0.2964,0.3006,0.2932,0.2758,0.2813,0.2831,0.3175,0.3074,0.3078,0.3267,0.3819,0.3777,0.3961,0.4003,0.391,0.3898,0.3672,0.3619,0.3759,0.356,0.3613,0.329,0.3318,0.2928,0.2764,0.2646,0.2485
VSP,0.4186,0.4319,0.451,0.4673,0.4843,0.479,0.4893,0.4792,0.5134,0.5147,0.541,0.5131,0.5637,0.5382,0.5367,0.4505,0.4715,0.5003,0.4738,0.4855,0.5003,0.4941,0.5219,0.4961,0.4849,0.4542,0.4543,0.4311,0.4503,0.5082,0.4607
TORN,9.483,9.313,9.732,8.884,8.913,11.77,10.96,9.39,8.336,8.756,9.152,8.711,8.672,8.751,8.846,8.818,9.07,8.663,7.795,8.078,9.461,10.18,9.946,10.35,9.267,8.741,8.496,8.064,8.02,8.161,7.052
RAI,2.76,2.706,2.71,2.729,2.674,2.664,2.73,2.657,2.725,2.578,2.675,2.63,2.839,2.708,2.697,2.629,2.66,2.646,2.725,2.612,2.657,2.782,2.854,2.588,2.941,2.676,2.68,2.669,2.686,2.598,2.606
RAY,0.6771,0.6927,0.7121,0.6978,0.7122,0.72,0.7264,0.6466,0.6402,0.6303,0.6867,0.7012,0.6631,0.6522,0.6386,0.6408,0.675,0.6612,0.5949,0.616,0.618,0.6749,0.6887,0.676,0.6701,0.61,0.6182,0.5898,0.5849,0.6209,0.5509
WHALE,1.483,1.43,1.402,1.364,1.383,1.37,1.396,1.24,1.2,1.191,1.243,1.212,1.212,1.185,1.18,1.165,1.169,1.169,1.119,1.131,1.098,1.143,1.189,1.166,1.152,1.082,1.101,1.026,1.018,1.029,0.9739
MUSE,8.704,8.884,8.586,9.258,9.449,9.278,9.48,8.793,8.603,8.289,8.745,8.26,7.954,9.022,10.2,9.196,9.688,9.347,8.901,8.938,8.946,9.021,9.004,8.995,8.761,8.327,8.376,8.035,7.994,8.372,7.87
MASK,1.325,1.33,1.388,1.379,1.401,1.412,1.428,1.284,1.301,1.235,1.32,1.316,1.318,1.322,1.309,1.299,1.353,1.374,1.228,1.41,1.402,1.48,1.482,1.458,1.409,1.308,1.324,1.276,1.29,1.325,1.166
